Név;BérlapKód;Email
Anna Horváth;26292;anna.horvath@gmail.com
Anna Kiss;68624;anna.kiss@yahoo.com
Anna Kiss;17690;anna.kiss@outlook.com
Anna Kiss;19263;anna.kiss@hotmail.com
Anna Kiss;79119;anna.kiss@icloud.com
Anna Kovács;73733;anna.kovacs@protonmail.com
Anna Németh;97034;anna.nemeth@aol.com
Anna Tóth;58931;anna.toth@zoho.com
Béla Farkas;51519;bela.farkas@yandex.com
Béla Farkas;64836;bela.farkas@mail.com
Béla Farkas;38909;bela.farkas@gmx.com
Béla Horváth;77175;bela.horvath@tutanota.com
Béla Molnár;63554;bela.molnar@fastmail.com
Béla Molnár;71299;bela.molnar@hushmail.com
Béla Németh;16548;bela.nemeth@lycos.com
Béla Németh;80766;bela.nemeth2@gmail.com
Béla Szabó;79694;bela.szabo@yahoo.com
Béla Tóth;30328;bela.toth@outlook.com
Béla Varga;35610;bela.varga@hotmail.com
Béla Varga;60461;bela.varga@icloud.com
Csaba Horváth;17840;csaba.horvath@gmail.com
Csaba Horváth;99617;csaba.horvath2@yahoo.com
Csaba Kovács;11474;csaba.kovacs@hotmail.com
Csaba Kovács;16312;csaba.kovacs2@outlook.com
Csaba Molnár;35944;csaba.molnar@icloud.com
Csaba Nagy;53491;csaba.nagy@protonmail.com
Csaba Nagy;13793;csaba.nagy2@gmail.com
Csaba Németh;25465;csaba.nemeth@aol.com
Csaba Tóth;87249;csaba.toth@zoho.com
Dóra Farkas;47761;dora.farkas@yandex.com
Dóra Horváth;42258;dora.horvath@mail.com
Dóra Kiss;45596;dora.kiss@gmx.com
Dóra Kovács;78919;dora.kovacs@tutanota.com
Dóra Kovács;90518;dora.kovacs2@fastmail.com
Dóra Molnár;10202;dora.molnar@hushmail.com
Dóra Molnár;69719;dora.molnar2@lycos.com
Dóra Tóth;17073;dora.toth@gmail.com
Dóra Tóth;56371;dora.toth2@yahoo.com
Dóra Varga;31611;dora.varga@hotmail.com
Dóra Varga;93199;dora.varga2@outlook.com
Emese Farkas;26052;emese.farkas@icloud.com
Emese Horváth;48504;emese.horvath@protonmail.com
Emese Horváth;18597;emese.horvath2@gmail.com
Emese Kovács;47940;emese.kovacs@aol.com
Emese Kovács;26974;emese.kovacs2@zoho.com
Emese Kovács;26202;emese.kovacs3@yandex.com
Emese Tóth;86972;emese.toth@mail.com
Ferenc Szabó;97087;ferenc.szabo@gmx.com
Ferenc Tóth;19343;ferenc.toth@tutanota.com
Gábor Farkas;86005;gabor.farkas@fastmail.com
Gábor Horváth;99749;gabor.horvath@hushmail.com
Gábor Nagy;99738;gabor.nagy@lycos.com
Gábor Németh;58262;gabor.nemeth@gmail.com
Gábor Szabó;42037;gabor.szabo@yahoo.com
Gábor Szabó;58886;gabor.szabo2@hotmail.com
Gábor Tóth;14683;gabor.toth@outlook.com
Gábor Varga;81694;gabor.varga@icloud.com
Hanna Farkas;15284;hanna.farkas@protonmail.com
Hanna Horváth;49899;hanna.horvath@aol.com
Hanna Horváth;50055;hanna.horvath2@zoho.com
Hanna Horváth;48875;hanna.horvath3@yandex.com
Hanna Kiss;29414;hanna.kiss@mail.com
Hanna Kovács;20258;hanna.kovacs@gmx.com
Hanna Kovács;81173;hanna.kovacs2@tutanota.com
Hanna Molnár;90582;hanna.molnar@fastmail.com
Hanna Molnár;12290;hanna.molnar2@hushmail.com
Hanna Németh;39257;hanna.nemeth@lycos.com
Hanna Németh;27206;hanna.nemeth2@gmail.com
Hanna Németh;46635;hanna.nemeth3@yahoo.com
Hanna Varga;44845;hanna.varga@hotmail.com
István Farkas;80564;istvan.farkas@outlook.com
István Farkas;13168;istvan.farkas2@icloud.com
István Farkas;89618;istvan.farkas3@protonmail.com
István Horváth;55860;istvan.horvath@aol.com
István Horváth;88994;istvan.horvath2@zoho.com
István Horváth;72166;istvan.horvath3@yandex.com
István Kiss;10115;istvan.kiss@mail.com
István Kiss;58302;istvan.kiss2@gmx.com
István Kiss;81561;istvan.kiss3@tutanota.com
István Kiss;51102;istvan.kiss4@fastmail.com
István Kovács;35399;istvan.kovacs@hushmail.com
István Molnár;82595;istvan.molnar@lycos.com
István Nagy;95447;istvan.nagy@gmail.com
István Németh;73784;istvan.nemeth@yahoo.com
István Németh;91246;istvan.nemeth2@hotmail.com
István Varga;85679;istvan.varga@outlook.com
Judit Horváth;39175;judit.horvath@icloud.com
Judit Kiss;50359;judit.kiss@protonmail.com
Judit Kiss;63291;judit.kiss2@aol.com
Judit Kiss;55644;judit.kiss3@zoho.com
Judit Kiss;54072;judit.kiss4@yandex.com
Judit Kovács;25441;judit.kovacs@mail.com
Judit Molnár;94172;judit.molnar@gmx.com
Judit Nagy;91659;judit.nagy@tutanota.com
Judit Szabó;49699;judit.szabo@fastmail.com
Judit Szabó;62120;judit.szabo2@hushmail.com
Judit Varga;70635;judit.varga@lycos.com
Judit Varga;52068;judit.varga2@gmail.com
Judit Varga;41676;judit.varga3@yahoo.com
Judit Varga;20195;judit.varga4@hotmail.com